{
    "mean_": [
        5.035632855935077,
        1.8222766105175061,
        0.3500515625,
        0.1009875,
        0.65100625
    ],
    "var_": [
        739.0029424545836,
        7.77799210636731,
        0.22751546609130854,
        0.09078902484375007,
        0.22719711246093766
    ],
    "scale_": [
        27.18460855805328,
        2.78890518059817,
        0.4769858133019352,
        0.3013121717484212,
        0.4766519825417048
    ],
    "n_samples_seen_": 640000,
    "with_mean": true,
    "with_std": true
}