{
    "mean": [
        5.035632855935077,
        1.8222766105175061,
        0.3500515625,
        0.1009875,
        0.65100625
    ],
    "scale": [
        27.18460855805328,
        2.78890518059817,
        0.4769858133019352,
        0.3013121717484212,
        0.4766519825417048
    ]
}